地图名,中文名,难度,冷却时长,冷却截止,Workshop
bhop_badges_mini,,极难,57.3时,无,3207322527
bhop_fur,,极难,60.0时,2024/8/19 02:40:28,3072307280
bhop_kz_deadcore,,史诗,60.0时,无,3079982220
bhop_masyunya,,困难,36.0时,无,3097960903
bhop_ragnarok,,极难,24.0时,无,3077153735
bhop_skyscrapers_fix,,普通,24.0时,无,3237586187
cfjdc,喜爱福生化角斗场,简单,6.0时,2024/8/16 20:54:22,3231889583
cr_crazyhouse,,困难,12.0时,无,3144371570
cr_devisland_p1_v1,,简单,7.0时,无,3076483842
cs_assault_1337_old,仓库1337,简单,3.0时,无,3120611382
de_nuke_classic,木亥子危只因,简单,3.0时,无,3120612276
frypemap_cv7,,普通,7.0时,无,3198011377
jurasic_life,侏罗纪生存记,普通,60分,无,3297935164
kz_checkmate,,普通,57.3时,无,3070194623
kz_colors,,极难,60.0时,2024/8/18 08:36:37,3160120310
kz_igneous,火山~,普通,7.0时,无,3102712799
kz_nightcity,,困难,24.0时,无,3164403123
mg_100traps,[高难]100关,极难,36.0时,2024/8/17 05:35:14,3198747928
mg_acrophobia_run_v2,[中等]大峡谷 ~,普通,7.0时,无,3070463620
mg_airmap_run,,普通,7.0时,无,3267641400
mg_alley_course_reskin,[简单]小巷,简单,7.0时,2024/8/16 23:14:19,3070622716
mg_balistic_course,,普通,7.0时,无,3164692527
mg_beach_course,,普通,7.0时,无,3260285519
mg_blanc,[绝境]空白!,绝境,3.0天,2024/8/17 03:25:07,3273716863
mg_bob4,[困难]bob4,困难,12.0时,2024/8/16 23:32:37,3214686410
mg_bobiii_reborn_2016,,普通,7.0时,无,3282513988
mg_chebure,,普通,7.0时,无,3073069061
mg_circle_course_v3,,困难,7.0时,无,3070434475
mg_colors_cube,,普通,7.0时,无,3239388553
mg_cyber_course_v6,,简单,7.0时,无,3242822672
mg_cypher_cs2,,普通,7.0时,无,3200157057
mg_dicore_course,,普通,7.0时,无,3216834237
mg_dobaba_t,,困难,12.0时,无,3293887607
mg_draw_course_v3,[简单]涂鸦,简单,7.0时,无,3070444679
mg_ecliptic_v4,,普通,7.0时,无,3249980603
mg_escape_prison_cs2,,普通,7.0时,无,3246242621
mg_glave_course_v2,,普通,7.0时,无,3070445185
mg_gumobstacle_t,[梦魇]GUM!,梦魇,60.0时,2024/8/17 10:16:57,3282542601
mg_iceq_course_remake_dwz,,简单,7.0时,无,3230812148
mg_kegs_course,,普通,7.0时,无,3206261435
mg_koaes_t,[史诗]科依思!,史诗,48.0时,2024/8/17 23:41:29,3307003397
mg_last_light_v3,,普通,7.0时,2024/8/16 23:57:11,3070458707
mg_lego_course_2,,普通,7.0时,无,3202752274
mg_lego_course_v2,,普通,7.0时,无,3070448153
mg_mario_galaxy,,普通,7.0时,无,3131572633
mg_metal_course_2_v2,,简单,7.0时,无,3070464801
mg_metal_course_v3,,简单,7.0时,无,3070464208
mg_metro_course_v2,,简单,7.0时,无,3070463151
mg_minecraft_adventure,,普通,7.0时,无,3166464513
mg_minecraft_aphixed,,简单,7.0时,2024/8/16 21:48:59,3115180427
mg_minecraft_jb,,普通,7.0时,无,3070896876
mg_modern_dev,,困难,7.0时,无,3270293699
mg_nebo2_course,,困难,7.0时,无,3207575900
mg_nimafa_2_final,,困难,12.0时,无,3218453973
mg_nothing,[中等]妄想症!,普通,7.0时,无,3259001928
mg_nothing_hard,[梦魇]妄想症! 困难版,梦魇,60.0时,无,3263027853
mg_nxr_course_v2,,简单,7.0时,无,3070455191
mg_office_course_v3,,普通,7.0时,无,3070459211
mg_qube_course,,普通,7.0时,无,3129272566
mg_reverse,[史诗]翻转!,史诗,48.0时,无,3268022349
mg_ruin_course,,普通,7.0时,无,3165539530
mg_savetheisland_course,,普通,7.0时,无,3239475921
mg_saw_128,,普通,7.0时,无,3173691991
mg_school_course_v3,,简单,7.0时,无,3070441621
mg_simpsons_course_v2,,简单,7.0时,无,3070447697
mg_sketchy_course,,困难,7.0时,无,3248014004
mg_sky_islands_v1,,普通,7.0时,2024/8/16 23:35:44,3219508838
mg_sky_realm_v3,,简单,7.0时,无,3070451616
mg_skygrass_balkanstar,,简单,7.0时,无,3161554251
mg_slowdown,,困难,7.0时,无,3278023104
mg_sonic_course_v2,,简单,7.0时,无,3070452642
mg_sonic_islands_v4,,普通,7.0时,无,3166488259
mg_space_course_cs2,,普通,7.0时,无,3075574739
mg_supernatural_course,[困难]超自然~,困难,12.0时,无,3168333071
mg_switch_course_v2,,普通,7.0时,无,3070439729
mg_toxic_course_v2,,普通,7.0时,无,3070462770
mg_xiazuo_t,[困难]瞎做!,困难,7.0时,无,3302548592
mg_zeizeiii,,普通,7.0时,无,3214872987
ze_1way_tunnel,单向隧道,极难,8.0时,无,3217363701
ze_8bit,8bit世界,史诗,8.0时,无,3227899731
ze_act_character_relic,序章：遗迹,困难,8.0时,无,3271517064
ze_alien_mountain_escape_p,阿里山,普通,60分,无,3145781680
ze_angels_of_death,杀戮天使,史诗,8.0时,无,3277022050
ze_antartika_p,南极基地,困难,60分,无,3210240252
ze_anzalone_remake,安扎隆断后长廊,普通,60分,无,3113561170
ze_aoraitsu_reloaded,流光幻境,极难,5.0天,2024/8/21 19:35:09,3286182665
ze_aot_trost_v6r,进击的巨人,史诗,40.0时,2024/8/18 04:52:10,3262920150
ze_aperturescience_p,光圈科技,普通,60分,无,3252379913
ze_aragami_p,荒神,困难,60分,无,3226680626
ze_arcana_heart,阿卡纳之心,史诗,5.0天,无,3248842358
ze_arctic_escape_p,北极逃亡,简单,60分,无,3072610663
ze_ardenweald,魔兽世界：炽蓝仙野,极难,8.0时,无,3273717624
ze_artika_base_p,阿提卡基地,困难,60分,无,3084697233
ze_atix_apocalypse_p,牢大逃亡:归来,困难,8.0时,无,3087543130
ze_atix_panic_2017_p,牢大逃亡2017,简单,60分,2024/8/16 20:12:22,3223525974
ze_atix_panic_p,牢大逃亡,简单,60分,无,3076578445
ze_atl_lgnition_a1,湮灭影像：起源,困难,60分,无,3242904743
ze_awaker,觉醒者,极难,5.0天,2024/8/16 20:22:16,3251914993
ze_aware,无限回廊先知圣地,极难,5.0天,无,3251593033
ze_azathoth_p,阿撒托斯,困难,60分,无,3198066058
ze_aztecnoob_p,阿兹特克遗迹,普通,60分,2024/8/16 20:44:35,3070231528
ze_backrooms_deathbed_v1,后室：死眠,极难,8.0时,无,3174524746
ze_bathroom,浴室逃亡,困难,3.0时,2024/8/16 22:17:26,3250974096
ze_beyond_the_boundary,境界彼方,困难,8.0时,无,3257386150
ze_biohazard_manor_004_p,生化危机：洋馆,困难,60分,无,3214250988
ze_biohazard2_rpd_004_p,生化危机：警察局,普通,60分,无,3154062503
ze_blackmesa_escape_p,黑山基地：重装上阵,普通,60分,无,3083632383
ze_bluearchive_abydos_b1,碧蓝档案：大蛇总力战,困难,8.0时,2024/8/17 03:11:14,3261481731
ze_boacceho_p,boacceho逃亡,普通,60分,无,3201834353
ze_boatescape101_p,坐船跑101,简单,8.0时,无,3070281654
ze_boatescape888,开心快乐坐船跑888,困难,8.0时,无,3169214837
ze_boatescape999,开心快乐坐船跑999,简单,8.0时,2024/8/17 02:04:35,3280054813
ze_box_defend_v1_4,代号：盒子防守v1.4,普通,60分,无,3133817890
ze_bp-infested-prison_p,监狱逃亡,普通,60分,无,3071453239
ze_breakable_p,随处可破坏的箱子,普通,60分,无,3080846697
ze_celestial_ops,天堂,极难,8.0时,无,3150912938
ze_christmas_p,圣诞小镇,困难,8.0时,2024/8/16 21:59:17,3215749919
ze_chronus_p,克罗诺斯山谷,普通,60分,无,3091942084
ze_clawfactory,蟹老板工厂,困难,8.0时,无,3273810530
ze_colorlicouspilar_p,彩虹塔,困难,60分,无,3075687337
ze_colors_p,搞颜色,普通,60分,无,3099208354
ze_compound_escape,逃离化学工厂,困难,60分,无,3233851029
ze_conflict,公交车,困难,5.0天,2024/8/18 15:41:31,3291812593
ze_dabadeedabadie,蓝色 Da Ba Dee,极难,8.0时,无,3255751584
ze_dangerous_waters_p,危险水域,困难,60分,无,3073379342
ze_darkest_hour,至暗时刻,极难,5.0天,无,3243560785
ze_deadcore,死亡核心,梦魇,5.0天,2024/8/20 11:45:28,3304554968
ze_death_star_escape_p,死星逃亡,普通,60分,无,3251815259
ze_deepice_p,深井冰,普通,60分,无,3083573930
ze_defense3002_p,代号：防守 V300_2,简单,60分,无,3073553926
ze_descent_into_cerberon_p,破碎行动,极难,8.0时,无,3101174331
ze_diverted_destiny,反抗命运的序曲,梦魇,8.0时,无,3282400800
ze_dormitory_uestc,大学宿舍,困难,3.0时,无,3088434789
ze_dragonball_snakeway_p,龙珠：蛇道,普通,60分,无,3129406884
ze_dystopia_p,敌托邦,史诗,8.0时,2024/8/17 02:52:54,3159658783
ze_eizures_b1_1,核子危机,极难,8.0时,2024/8/16 23:42:52,3102196028
ze_elevator_escape_p,电梯逃亡,普通,60分,无,3135918205
ze_emerald,绿宝石宫殿,困难,3.0时,无,3167475235
ze_escape_the_eye_p,逃离天眼,普通,60分,无,3228849421
ze_eternal_journey,飞升者：永恒旅途,史诗,8.0时,无,3225822266
ze_evil_mansion_p,邪恶公馆,普通,3.0时,无,3267932570
ze_exchange_innovation_p,逃离生化大楼,普通,60分,无,3084785318
ze_fapescape_p,旧乐高大逃亡,史诗,8.0时,无,3211676445
ze_fapescape_rote_p,新乐高逃亡：噩梦陷阱,梦魇,40.0时,无,3231280179
ze_farmhouse_p,坦克农场,困难,3.0时,无,3252377262
ze_fast_escape_p,fast逃亡,普通,60分,无,3070332866
ze_ffvii_mako_reactor_v5_3,最终幻想7：魔光炉V53,极难,3.0天,2024/8/17 16:33:31,3289746748
ze_ffvii_mako_reactor_v6_p,最终幻想7：魔光炉V6,史诗,3.0天,2024/8/18 20:19:39,3273375829
ze_ffvii_snow_cosmo,最终幻想7：雪地峡谷,极难,3.0天,2024/8/17 17:06:17,3295082384
ze_ffxii_feywood_t,最终幻想12：幻妖之森,极难,3.0天,2024/8/17 21:09:38,3270937493
ze_ffxii_westersand_v7_t,最终幻想12：西沙v7,史诗,3.0天,2024/8/17 15:30:12,3236270292
ze_ffxiv_reisen_temple,最终幻想14：醴泉神社,极难,3.0天,无,3220221743
ze_firewall_laboratory_part1_p,紧张刺激防火墙1,普通,60分,无,3199805346
ze_firewall_laboratory_part2_p,防火墙2,普通,60分,无,3201034411
ze_fond_dream,南柯一梦,极难,5.0天,2024/8/17 13:46:03,3285633504
ze_forhidden_slicoo_cs2,禁地斯狄科,梦魇,40.0时,无,3261709847
ze_forius_just_run_p,不要害怕只管跑,普通,60分,无,3173196031
ze_forsaken_temple,遗忘神殿,极难,8.0时,2024/8/16 21:55:15,3247462748
ze_frostdrake_tower_p,寒霜高塔,史诗,8.0时,无,3120465300
ze_frozentemple_cs2,冰封神庙,极难,8.0时,无,3151737696
ze_geometric,几何奥秘,极难,5.0天,无,3281834374
ze_greece_escape_p,希腊逃亡,普通,60分,无,3087521295
ze_greencity_p,绿之城,简单,8.0时,2024/8/16 20:05:58,3194922441
ze_gtasa_police_station_2_m,GTA警察局2,普通,60分,无,3149243533
ze_gtasa_police_station_remix_m,GTA警察局,普通,60分,无,3111843681
ze_hammer_bunker_part1,锤子地堡,普通,60分,无,3268855381
ze_haunted_lab_escape_p,闹鬼实验室,普通,60分,无,3076662784
ze_hazard_escape_p,炸桥传奇2,普通,60分,无,3072150479
ze_hidden_fortress_p,隐秘要塞,简单,60分,无,3072712278
ze_hlc_citadel_v1,hlc城堡,普通,60分,无,3086356772
ze_honkai_impact_changkongshi,崩坏3:长空市,困难,3.0时,无,3256961169
ze_hydroponic_garden,水培花园,史诗,5.0天,2024/8/16 22:06:10,3265261614
ze_hypernova_p,超新星,普通,60分,无,3076127575
ze_iamlegend_p,我是炸桥传奇,普通,60分,无,3079562247
ze_icecap_escape_p,西瓜橘子坐船跑,简单,60分,无,3075976468
ze_illusory_world,虚空幻界,极难,40.0时,2024/8/17 06:37:36,3243378527
ze_immortal_flame,永恒烈焰,极难,5.0天,2024/8/20 22:09:30,3292773390
ze_inboxed_p,inbox追击,困难,3.0时,无,3169700716
ze_industrial_dejavu,工业循环,普通,40.0时,无,3303378356
ze_infiltration_final_p,潜入行动,困难,3.0时,无,3283238776
ze_interception_p,拦截行动,普通,60分,无,3089070637
ze_jiangnan_town_v3_1,江南水乡,普通,60分,无,3250118774
ze_journey_p,黑暗之魂：旅途,极难,8.0时,无,3125207714
ze_jurassic_life,,简单,0分,无,3306638579
ze_jurassicpark_p,侏罗纪公园,普通,60分,无,3083543662
ze_k19_escape_p,k19逃亡,普通,3.0时,无,3170603615
ze_kaffe_escape_p,咖啡逃亡,普通,60分,无,3077639523
ze_l0v0l_p,颜文字1 - l0v0l,梦魇,40.0时,2024/8/17 12:47:15,3240966394
ze_legends_of_dawn,黎明传说,困难,3.0时,无,3244020906
ze_lemonade,冰鲜柠檬水,普通,60分,无,3148678988
ze_licciana_escape_p,里西西亚,普通,60分,无,3072646272
ze_lightnight_v1,光与暗,极难,5.0天,无,3280980480
ze_loom,恐惧隐现,困难,8.0时,无,3214940342
ze_lotr_helms_deep_p,魔戒：圣盔谷之战,普通,60分,无,3182611588
ze_lotr_isengard,魔戒：艾辛格,极难,8.0时,无,3133242053
ze_lotr_mines_of_moria_p,魔戒：摩瑞亚矿坑,普通,60分,无,3220471698
ze_lotr_mirkwood_p,魔戒：幽暗密林,极难,8.0时,无,3199590006
ze_lotr_mount_doom_p,魔戒：末日火山,困难,60分,无,3266739716
ze_luciddreams_cs2,清醒梦,极难,5.0天,2024/8/17 18:28:41,3177491488
ze_luigismansion_p,路易基鬼屋,普通,60分,无,3098731139
ze_mabinogi_f4_1_cs2,洛奇,困难,8.0时,2024/8/16 20:06:46,3138594789
ze_magala_castle_p,玛格拉城堡,困难,60分,无,3090180606
ze_magic_carpet_p,魔毯世界,普通,60分,无,3262559311
ze_mario_tower_p,马里奥之塔,普通,60分,无,3077381254
ze_mars_escape_xmas_p,火星逃亡圣诞版,困难,3.0时,无,3104693607
ze_minecraft_p,我的世界,普通,60分,无,3215084604
ze_minecraft_sakura,我的世界：撒库拉岛,困难,8.0时,无,3184013959
ze_minecratix,我的世界：高端防守战,简单,60分,无,3231500986
ze_mirrors_edge_reborn_p,镜之边缘：跑酷重生,困难,60分,无,3170476530
ze_mkzk_scarab_v4,重生之我在ZE倒斗-究极无敌折磨之圣甲虫法老王金字塔V4,绝境,40.0时,2024/8/18 07:35:45,3268041581
ze_namviet_p,越南踩雷王,困难,60分,无,3084216893
ze_neron,盈能之境,极难,5.0天,2024/8/16 21:11:12,3295495749
ze_newyork_escape_p,纽约大逃亡,普通,60分,无,3153952411
ze_noir_p,黑色街道,困难,60分,无,3101279523
ze_npst_v8_gmod,代号：黑山计划,史诗,5.0天,2024/8/20 15:20:23,3161561155
ze_obf_filth_v1,代号：怒火中烧,梦魇,3.0天,2024/8/18 13:11:53,3160547491
ze_obf_rescape,代号：浴火重生,梦魇,3.0天,2024/8/17 23:47:17,3283167200
ze_obj_encounter_a2,代号：针锋相对,史诗,3.0天,2024/8/17 21:18:06,3177085312
ze_obj_encounter_b1,代号：针锋相对b1,史诗,5.0天,2024/8/20 01:52:29,3259618066
ze_obj_escalation_v1,代号：飞升计划,梦魇,3.0天,2024/8/17 22:26:22,3297038916
ze_obj_rampage_v1_2,代号：横空出世,史诗,3.0天,2024/8/17 18:49:47,3159812985
ze_ocean_base_escape_p,海底基地,普通,60分,无,3076043478
ze_ocean_heart_cs2,海洋之心,极难,8.0时,2024/8/17 03:34:19,3242876423
ze_offliner,單丶機者,极难,5.0天,2024/8/19 10:57:22,3255547370
ze_omega_p,欧米茄,普通,60分,无,3075635324
ze_omen_cs2,启示：命运预兆,史诗,5.0天,2024/8/17 19:34:13,3267175222
ze_oneiros_p,奥内罗斯,极难,8.0时,无,3111583269
ze_only_up,Only Up!,史诗,5.0天,2024/8/21 17:50:39,3171061416
ze_otakuroom_pt,御宅房,困难,8.0时,2024/8/16 20:17:19,3128321209
ze_outpost_escape_p,前哨基地逃亡,困难,60分,无,3292176189
ze_overlord,不死者之王,史诗,40.0时,2024/8/17 04:08:25,3259318150
ze_p_v_z,植物大战僵尸,极难,8.0时,无,3274462953
ze_palace_adventure,宫殿冒险,困难,3.0时,无,3277028846
ze_panic_escape_p,跳刀仓库,困难,3.0时,无,3142876280
ze_parkers_pit_p,帕克矿坑,困难,8.0时,无,3203203928
ze_platformer_p,[娱乐]捡币b6,极难,8.0时,无,3257491664
ze_pokemon_kanto_v1,宝可梦道馆,困难,3.0时,无,3100100976
ze_pools_p,后室level130：荒谬泳池,普通,60分,无,3075014275
ze_popkart_b3,卡卡跑车丁,困难,60分,无,3247766438
ze_por_island_p,刷分岛,普通,60分,无,3071483803
ze_postal_p,夺命邮差,极难,8.0时,无,3218547242
ze_potc_p,小加勒比,普通,60分,无,3084219587
ze_predator_ultimate_p,铁血战士,极难,8.0时,无,3184009332
ze_purification_a1,净化,极难,5.0天,2024/8/16 21:23:50,3128279930
ze_puta_p,PUTA工厂,普通,60分,无,3078006878
ze_raccoon_facility_p,生化危机：蜂巢,简单,60分,无,3075694806
ze_random_p,随机大爆炸,极难,8.0时,无,3134108142
ze_ratatouille,美食总动员,困难,8.0时,无,3258064134
ze_requiem_test,镇魂曲,极难,5.0天,2024/8/20 23:29:11,3134550710
ze_rizomata_p,精灵塔:苍穹之诗,史诗,40.0时,无,3252844768
ze_rooftop_runaway1_p,屋顶逃亡1,简单,60分,无,3075946829
ze_rooftop_runaway2_p,屋顶逃亡2,简单,60分,无,3075967570
ze_s_a_m,刀剑神域,史诗,40.0时,2024/8/18 06:01:51,3217227843
ze_sandstorm_cs2,沙尘暴,极难,8.0时,无,3148296430
ze_saw_p,锯与魔法,普通,60分,无,3171881962
ze_secret_garden,goobers的秘密花園,困难,60分,无,3175004434
ze_showdown_p,巅峰对决,普通,60分,无,3149203270
ze_shroomforest_p,蘑菇森林1,困难,8.0时,无,3212196068
ze_shroomforest2_p,蘑菇森林2,困难,8.0时,无,3258673372
ze_siberia_1990_p,西伯利亚1990,普通,60分,无,3241013638
ze_silent_hill_2_illusion,寂静岭2:幻境,困难,40.0时,无,3272284666
ze_silent_hill_3_dawn,寂静岭3:黎明,困难,40.0时,2024/8/17 12:53:39,3303188199
ze_silent_hill_3_flee,寂静岭3:逃离,困难,40.0时,2024/8/18 07:31:50,3303191928
ze_silent_hill_blackblood,寂静岭：黑血,困难,40.0时,2024/8/18 06:15:00,3267382742
ze_silenthill_pt,寂静岭：pt,困难,40.0时,无,3284621426
ze_simple_teamplay_p,非常简单的团队游戏,普通,60分,无,3266019386
ze_sisyphus,西西弗斯的历练,绝境,40.0时,2024/8/18 07:14:01,3208444375
ze_sky_bridge_a01_fix3,天空之桥,困难,60分,无,3137495751
ze_sky_defend,天际防守,梦魇,8.0时,无,3286133969
ze_sky_fantasy,天空幻想,极难,40.0时,2024/8/18 02:11:28,3267469267
ze_skygarden,天穹树,史诗,8.0时,无,3264110647
ze_slender_escape_p,面条人：瘦长鬼影,极难,8.0时,无,3219243688
ze_sorrento_arknights_cs2_l,索伦托：明日方舟,简单,60分,无,3268104738
ze_sorrento_escape_p,索伦托逃亡,简单,60分,无,3075789914
ze_stab_town_p,小镇突袭,简单,60分,无,3118969371
ze_stalkermonolith,潜行者：黑石,史诗,40.0时,无,3194494417
ze_stark_escape,史塔克逃亡,困难,60分,无,3276197721
ze_starwars_v2fix,星球大战v2fix,极难,8.0时,无,3123260164
ze_steyliff_grove,最终幻想15：斯基利弗樹林迷宫,史诗,3.0天,无,3304076935
ze_sumai_facility_lite,sumai工厂,困难,8.0时,无,3197712518
ze_summer_house,绚夏别墅,普通,60分,无,3273903663
ze_tesv_skyrim_p,上古卷轴：天际,史诗,40.0时,2024/8/17 05:41:08,3242492031
ze_texturescape_cs2_l,坑爹逃亡,普通,60分,无,3278144490
ze_tilex_escape_p,列车逃亡,普通,60分,无,3109957993
ze_tilex_ultimate_p,跳刀列车,极难,8.0时,无,3304371486
ze_titanic_sweet_dreams,梦中的泰坦尼克号,普通,60分,无,3166117924
ze_tkara_p,塔卡拉基地,困难,60分,无,3101065234
ze_totemo_roka_p,神秘海域,极难,8.0时,2024/8/17 01:50:07,3096674083
ze_townscapes,小镇逃亡,普通,60分,无,3138193816
ze_toy_world_final,玩具世界,困难,8.0时,2024/8/17 00:40:44,3269254804
ze_traak_p,逃命游轮,普通,60分,无,3097124262
ze_trainescape_p,火车逃亡,简单,60分,无,3267059270
ze_uchiha_legacy,宇智波：遗响,史诗,3.0天,2024/8/17 20:05:19,3278140812
ze_ultra_ungent_a2_cs2,超级跳绳王,极难,40.0时,无,3111525416
ze_umbrellazombie_v1_p3_final,保护伞公司3,普通,60分,无,3212650219
ze_umbrellazombie_v1_part2_1,保护伞公司2,普通,60分,无,3173114474
ze_umbrellazombiezmtr_v1,保护伞公司1,普通,3.0时,无,3158864083
ze_undertale_sans_final,传说之下：san战,极难,40.0时,无,3294459795
ze_urban_laby_of_death_p,城市迷宫,普通,60分,无,3304571694
ze_urbanstone,石头城市,史诗,8.0时,无,3264302314
ze_venice_escape_p,威尼斯老家,简单,60分,无,3173139330
ze_vietnam_p,越南雨林,普通,60分,无,3193837246
ze_virtual_insanity_v1,错乱疯狂,普通,60分,无,3138239284
ze_visualizer,监视者,极难,5.0天,2024/8/21 18:46:39,3257332702
ze_voodoo_islands_p,巫毒岛,普通,60分,无,3083304405
ze_voodoo_xtrem_islands,巫毒岛终极版,困难,8.0时,无,3254785591
ze_waterpark,长隆水上乐园,困难,60分,无,3145775550
ze_wicked_organization,wicked组织,普通,60分,无,3291775385
ze_winter_warehouse_p,冰雪牢缘,简单,60分,无,3144617784
ze_xenovation,异界终章,史诗,5.0天,2024/8/20 22:43:41,3299009552
ze_yueyingchuanshuo,月影传说,史诗,40.0时,无,3253885951
ze_zandalar_forever,赞达拉万古长存,史诗,8.0时,无,3297642912
ze_zertinan,最终幻想12：泽尔提南,史诗,3.0天,无,3271367553
ze_zk_fapescape_p,小乐高逃亡,普通,60分,无,3208033496
ze_zk_mall_of_zombies_p,购物中心,普通,60分,无,3111585991
ze_zombierig_p,钻井平台,困难,60分,无,3090094325
zm_1taly_cos_v1_p,意大利小镇,简单,3.3时,无,3266760029
zm_420_office_p,420杂物办公室,简单,3.0时,无,3164948364
zm_abyss2_v2_2_p,生化危机2,简单,3.3时,无,3261657893
zm_abyss3_v2_p,生化危机3,简单,3.3时,无,3262125075
zm_alley,核子小巷,简单,3.0时,无,3251292323
zm_aztec_nopure_night_p,阿兹特克昼夜求生,简单,3.3时,无,3266806999
zm_backalley_deep_night_v2_p,后巷,简单,3.0时,无,3286641341
zm_baka_vent_park,⑨的管道乐园,简单,3.0时,无,3221576305
zm_battleforce_remake_v3_4a,战斗竞技场,简单,3.0时,无,3163617750
zm_biochemical_hotel,喜爱福生化酒店,简单,6.0时,2024/8/17 01:35:28,3223106683
zm_boundaries,边界,简单,3.0时,2024/8/16 19:51:14,3248948312
zm_caper,身法都市,简单,3.0时,无,3251932776
zm_cardboard_castles,纸盒防守堡垒,简单,3.0时,无,3120612669
zm_cbglc_b3_space_fixed,箱子特别多,简单,10.0时,2024/8/17 05:18:41,3173223192
zm_crazycity,疯狂城市,简单,3.0时,无,3192909622
zm_dazzling_p,紫荆花都,简单,120分,无,3270806256
zm_dbd_glenvale_saloon_t1,黎明杀机:死狗酒馆,简单,3.0时,无,3147703963
zm_dead_center,板子管道之王,简单,3.0时,无,3247654318
zm_dream_start,致敬传奇鸟狙仙人用户玩家,简单,3.0时,无,3252076646
zm_eastern_night_v4_p,永远亭,简单,3.0时,无,3257443064
zm_ezzm_,[EZzm]废墟城堡防守,简单,3.0时,无,3261039903
zm_gorodok_cs2_v1,戈罗多克,简单,3.0时,无,3100743780
zm_hardzm,[EZzm]Touhou中心,简单,3.0时,无,3273722705
zm_ice_canyons,蜜雪冰城,简单,3.0时,无,3216490934
zm_jiequ,听歌房区,简单,3.0时,无,3142589385
zm_lila_hacker_meow_cs2,里拉喵,简单,3.3时,无,3228474306
zm_mansion_p,喜爱福夜幕山庄,简单,3.0时,无,3269711289
zm_map_grass_cs2,神器农场,简单,3.3时,无,3262926296
zm_mediumzm,[EZzm]⑨号实验室,简单,3.0时,无,3283778158
zm_micro_bootcamps,迷你野战训练营,简单,3.0时,无,3254679359
zm_militia_night_funkin_v1c_p,野战训练营,简单,6.0时,无,3256291071
zm_minecraft_chunk,我的世界-山谷,普通,3.3时,2024/8/16 21:41:19,3243458604
zm_miniature_room_csgo,世界被放大啦,简单,3.0时,无,3164786860
zm_misty_village,迷雾村庄,简单,90分,无,3241986715
zm_mutation_prison_v0_3_p,生化监狱,简单,3.0时,无,3277728636
zm_plumbing_charm,管道的诱惑,简单,3.0时,无,3246299826
zm_quadruple_phalanx,辛酸上班史,简单,3.0时,无,3235825041
zm_red_vs_blue_build_b3_p,红蓝广告招募位,简单,3.0时,无,3271001488
zm_region13,喜爱福13号地区,简单,6.0时,2024/8/16 23:45:37,3223020645
zm_return_to_berlin_b3_p,重返柏林,简单,3.0时,2024/8/16 20:09:00,3269596425
zm_rotation_boundary,旋转边界,简单,3.0时,无,3250564320
zm_siberia_v2_csgo_p,西伯利亚,简单,3.0时,无,3260457902
zm_silent_village,喜爱福寂静村,简单,6.0时,2024/8/16 20:13:13,3222984182
zm_training_dust_v1_d,灼热沙城攻防训练,简单,3.0时,无,3268105919
zm_tranquility_c1_d_p,喜爱福名胜古迹,简单,3.0时,无,3268150304
zm_tube_gliding,登上美丽理塘,简单,3.0时,无,3245055431
zm_underground_1st_stereet,地底一号街,简单,3.0时,无,3308310945
zm_underground_area_1,地底1号区,简单,3.0时,无,3289000780
zm_underground_shelter,地底避难所,简单,3.0时,无,3257565219
zm_underground_warehouse,地底仓库,简单,3.0时,2024/8/16 21:03:23,3262331091
zm_vendetta_cs2,冰雪山洞,简单,3.0时,无,3189946391
zm_vents_remake_m,管道传奇2:重装上阵,简单,4.0时,2024/8/16 21:26:55,3174849019
zm_zerbes_green_rain_beta2,绿色水池,简单,3.0时,无,3178155240
